<?xml version="1.0" encoding="UTF-8"?><rss version="2.0"
	xmlns:content="http://purl.org/rss/1.0/modules/content/"
	xmlns:wfw="http://wellformedweb.org/CommentAPI/"
	xmlns:dc="http://purl.org/dc/elements/1.1/"
	xmlns:atom="http://www.w3.org/2005/Atom"
	xmlns:sy="http://purl.org/rss/1.0/modules/syndication/"
	xmlns:slash="http://purl.org/rss/1.0/modules/slash/"
	>

<channel>
	<title>Winston Ford</title>
	<atom:link href="http://10.0.0.73/feed/" rel="self" type="application/rss+xml" />
	<link>/</link>
	<description></description>
	<lastBuildDate>Sun, 06 Feb 2022 23:09:00 +0000</lastBuildDate>
	<language>en-US</language>
	<sy:updatePeriod>
	hourly	</sy:updatePeriod>
	<sy:updateFrequency>
	1	</sy:updateFrequency>
	<generator>https://wordpress.org/?v=5.9</generator>
	<item>
		<title>Democracy</title>
		<link>/democracy/</link>
		
		<dc:creator><![CDATA[winston]]></dc:creator>
		<pubDate>Sun, 06 Feb 2022 23:08:58 +0000</pubDate>
				<category><![CDATA[Uncategorized]]></category>
		<guid isPermaLink="false">/?p=95</guid>

					<description><![CDATA[“I had come to Panama to attend a congress, a democratic law making event, of the Emberá, one of a handful of indigenous tribes in Panama.”]]></description>
										<content:encoded><![CDATA[
<p>“I had come to Panama to attend a congress, a democratic law making event, of the Emberá, one of a handful of indigenous tribes in Panama.”</p>



<div class="wp-container-62030c1c2b98a wp-block-buttons">
<div class="wp-block-button"><a class="wp-block-button__link" href="https://planetaryvocabulary.com/2022/01/07/embera-congreso/" target="_blank" rel="noreferrer noopener">Read the story</a></div>
</div>
]]></content:encoded>
					
		
		
			</item>
		<item>
		<title>Agua</title>
		<link>/agua/</link>
		
		<dc:creator><![CDATA[winston]]></dc:creator>
		<pubDate>Sun, 06 Feb 2022 23:07:04 +0000</pubDate>
				<category><![CDATA[Uncategorized]]></category>
		<guid isPermaLink="false">/?p=90</guid>

					<description><![CDATA[En Español In English]]></description>
										<content:encoded><![CDATA[
<div class="wp-block-columns">
<div class="wp-block-column" style="flex-basis:100%">
<div class="wp-block-columns">
<div class="wp-block-column">
<p>En Español</p>



<figure class="wp-block-embed is-type-video is-provider-youtube wp-block-embed-youtube wp-embed-aspect-16-9 wp-has-aspect-ratio"><div class="wp-block-embed__wrapper">
<iframe title="Agua limpia para los niños Mayas de Chanchen con Rodando con Causa" width="560" height="315" src="https://www.youtube.com/embed/XtD82eTsBMo?feature=oembed" frameborder="0" allow="accelerometer; autoplay; clipboard-write; encrypted-media; gyroscope; picture-in-picture" allowfullscreen></iframe>
</div></figure>
</div>



<div class="wp-block-column">
<p>In English</p>



<figure class="wp-block-embed is-type-video is-provider-youtube wp-block-embed-youtube wp-embed-aspect-16-9 wp-has-aspect-ratio"><div class="wp-block-embed__wrapper">
<iframe loading="lazy" title="Clean water for the Mayan kids of Chanchen Primero with Rodando con Causa" width="560" height="315" src="https://www.youtube.com/embed/M72Wx0T0bf8?feature=oembed" frameborder="0" allow="accelerometer; autoplay; clipboard-write; encrypted-media; gyroscope; picture-in-picture" allowfullscreen></iframe>
</div></figure>
</div>
</div>
</div>
</div>



<div class="wp-block-columns">
<div class="wp-block-column" style="flex-basis:100%"></div>
</div>
]]></content:encoded>
					
		
		
			</item>
		<item>
		<title>Hurricane Dorian</title>
		<link>/hurricane-dorian/</link>
		
		<dc:creator><![CDATA[winston]]></dc:creator>
		<pubDate>Sun, 06 Feb 2022 22:49:48 +0000</pubDate>
				<category><![CDATA[Uncategorized]]></category>
		<guid isPermaLink="false">/?p=86</guid>

					<description><![CDATA[Highest wind speeds of an Atlantic hurricane ever recorded at landfall: 185 mph In the first half of the hurricane, the rooms I slept in the night before exploded..]]></description>
										<content:encoded><![CDATA[
<p>Highest wind speeds of an Atlantic hurricane ever recorded at landfall: 185 mph</p>



<p>In the first half of the hurricane, the rooms I slept in the night before exploded..</p>



<div class="wp-container-62030c1c2fd78 wp-block-buttons">
<div class="wp-block-button"><a class="wp-block-button__link" href="https://planetaryvocabulary.com/2020/09/03/dorian/" target="_blank" rel="noreferrer noopener">Read the story</a></div>
</div>
]]></content:encoded>
					
		
		
			</item>
		<item>
		<title>Canopy</title>
		<link>/canopy/</link>
		
		<dc:creator><![CDATA[winston]]></dc:creator>
		<pubDate>Sun, 06 Feb 2022 22:47:30 +0000</pubDate>
				<category><![CDATA[Uncategorized]]></category>
		<guid isPermaLink="false">/?p=82</guid>

					<description><![CDATA[While I like the notion of universal basic income, it begs the question: who signs the checks? The philosophy behind Canopy is to make products that make use of universal local resources, starting with the sun. Often times, it’s right outside the window. And since law requires that every bedroom have an opening for egress, [&#8230;]]]></description>
										<content:encoded><![CDATA[
<p>While I like the notion of universal basic income, it begs the question: who signs the checks? The philosophy behind Canopy is to make products that make use of universal local resources, starting with the sun. Often times, it’s right outside the window. And since law requires that every bedroom have an opening for egress, the window seemed like a good place to start collecting that sun. So we designed, made, and tested a number of prototypes to do just that: capture and store solar power in the bedroom window to power the daily essentials.</p>



<div class="wp-container-62030c1c312b6 wp-block-buttons">
<div class="wp-block-button"><a class="wp-block-button__link" href="https://canopyrising.com/" target="_blank" rel="noreferrer noopener">Continue</a></div>
</div>
]]></content:encoded>
					
		
		
			</item>
		<item>
		<title>Planetary Vocabulary</title>
		<link>/planetary-vocabulary/</link>
		
		<dc:creator><![CDATA[winston]]></dc:creator>
		<pubDate>Sun, 06 Feb 2022 22:45:46 +0000</pubDate>
				<category><![CDATA[Uncategorized]]></category>
		<guid isPermaLink="false">/?p=79</guid>

					<description><![CDATA[The key to climate change hides in a word that does not exist.]]></description>
										<content:encoded><![CDATA[
<hr class="wp-block-separator"/>



<h2 id="the-key-to-climate-change-hides-in-a-word-that-does-not-exist">The key to climate change hides in a word <em>that does not exist</em>.</h2>



<div class="wp-container-62030c1c32d0c wp-block-buttons">
<div class="wp-block-button"><a class="wp-block-button__link">Continue</a></div>
</div>
]]></content:encoded>
					
		
		
			</item>
		<item>
		<title>Archimedes</title>
		<link>/archimedes/</link>
		
		<dc:creator><![CDATA[winston]]></dc:creator>
		<pubDate>Sun, 06 Feb 2022 22:43:41 +0000</pubDate>
				<category><![CDATA[Uncategorized]]></category>
		<guid isPermaLink="false">/?p=76</guid>

					<description><![CDATA[Competing in a challenge run by the London School of Hygiene and Tropical Medicine and funded by the Bill and Melinda Gates Foundation, I led a small team&#160;to design a way for insects to help&#160;solve a health problem. &#160;Pit latrines are the most popular “bathroom” in the majority nations. &#160;The problem is that many cannot [&#8230;]]]></description>
										<content:encoded><![CDATA[
<p>Competing in a challenge run by the London School of Hygiene and Tropical Medicine and funded by the Bill and Melinda Gates Foundation, I led a small team&nbsp;to design a way for insects to help&nbsp;solve a health problem. &nbsp;Pit latrines are the most popular “bathroom” in the majority nations. &nbsp;The problem is that many cannot afford to have them emptied. &nbsp;When monsoons come, the latrines overflow. &nbsp;The result is massive health problems. &nbsp;Using 3D designs skills and in-depth knowledge about an insect Hermetia illucens gained in the Urban Feed Co chapter, I figured we had a shot at solving the problem. One of the requirements, was that the innovation be fabricated with local materials. This is where the local craftsman played a big part. In short, by allying with these insects, the latrines take longer to fill. &nbsp;This means less disease, saving millions in healthcare. We tied for third place. The winning design was not produced with local materials.</p>



<p>For more info, visit the&nbsp;<a rel="noreferrer noopener" href="https://web.archive.org/web/20180822023507/http://blogs.lshtm.ac.uk/sanitationventures/innovation/bsf-toilet-design-workshop/" target="_blank">Sanitation Ventures</a>.</p>
]]></content:encoded>
					
		
		
			</item>
		<item>
		<title>Pantrepant</title>
		<link>/pantrepant/</link>
		
		<dc:creator><![CDATA[winston]]></dc:creator>
		<pubDate>Sun, 06 Feb 2022 22:41:22 +0000</pubDate>
				<category><![CDATA[Uncategorized]]></category>
		<guid isPermaLink="false">/?p=73</guid>

					<description><![CDATA[Urban Feed Co&#160;partners up with&#160;Pantrepant&#160;Farm to develop sustainable livestock feed using the black soldier fly. The farm is part of Island Outpost tropical resorts owned by music icon Chris Blackwell. Chris is the founder of Island Records. Ever heard of a band named U2 or an artist named Bob Marley? If it weren’t for Mr. [&#8230;]]]></description>
										<content:encoded><![CDATA[
<p><a rel="noreferrer noopener" href="https://web.archive.org/web/20180822032850/http://urbanfeedco.com/" target="_blank">Urban Feed Co</a>&nbsp;partners up with&nbsp;<a href="https://www.pantrepant.com/">Pantrepant</a>&nbsp;Farm to develop sustainable livestock feed using the black soldier fly. The farm is part of Island Outpost tropical resorts owned by music icon Chris Blackwell. Chris is the founder of Island Records. Ever heard of a band named U2 or an artist named Bob Marley? If it weren’t for Mr. Blackwell, you may not have. Read more at&nbsp;<a rel="noreferrer noopener" href="https://web.archive.org/web/20140301024451/http://www.islandoutpost.com:80/community/green-philosophy/" target="_blank">Island Outpost</a>&nbsp;or&nbsp;<a href="https://real-foodie.com/2013/09/10/pantrepant-farm-and-jamaicas-organic-movement/">here</a></p>
]]></content:encoded>
					
		
		
			</item>
		<item>
		<title>Urban Feed Co</title>
		<link>/urban-feed-co/</link>
		
		<dc:creator><![CDATA[winston]]></dc:creator>
		<pubDate>Sun, 06 Feb 2022 22:17:55 +0000</pubDate>
				<category><![CDATA[Uncategorized]]></category>
		<guid isPermaLink="false">/?p=70</guid>

					<description><![CDATA[Urban Feed Co is a project to produce sustainable livestock feed from insects that eat wide variety of nutrient wastes. These insects are called black soldier flies, or hermetia illucens, and while native to the tropics, they now live on every inhabited continent. The insect larvae are 30-50% protein. They contain lauric acid, also a [&#8230;]]]></description>
										<content:encoded><![CDATA[
<h1></h1>



<p>Urban Feed Co is a project to produce sustainable livestock feed from insects that eat wide variety of nutrient wastes. These insects are called black soldier flies, or hermetia illucens, and while native to the tropics, they now live on every inhabited continent. The insect larvae are 30-50% protein. They contain lauric acid, also a major constituent in coconut oil, which kills harmful pathogens like bacteria, viruses and fungi.&nbsp;</p>



<p>At left in the photo above is Dr. Robert Logan, Direct of Research at the College of Arts, Science, and Education in Portland, Jamaica, a great mentor. The college bought one of our units and we donated our time to conduct a study with the students in the photo. One of the highlights was developing a way for the students to log data on old school “dumb” phones. They would text a message with a few bits of info: weight of food, weight of bugs, temperature and pH. A service would strip this data from the email and send it to a simple script I wrote in php. The script would append a line to a .csv file on the server. And finally, a google spreadsheets function would grab this data from the server and update the sheets and charts so the team could analyze progress.</p>



<p>For more info, visit&nbsp;<a rel="noreferrer noopener" href="https://web.archive.org/web/20130628224255/http://urbanfeedco.com/" target="_blank">UrbanFeedCo.com</a>.</p>
]]></content:encoded>
					
		
		
			</item>
		<item>
		<title>Skye New York</title>
		<link>/skye-new-york/</link>
		
		<dc:creator><![CDATA[winston]]></dc:creator>
		<pubDate>Sun, 06 Feb 2022 22:16:40 +0000</pubDate>
				<category><![CDATA[Uncategorized]]></category>
		<guid isPermaLink="false">/?p=67</guid>

					<description><![CDATA[Inspired by an Amazon woman who lived in a castle on the Isle of Skye, Skye New York is a line of vests I designed and made. Each vest is made to fit from two sheepskin pelts, cowhide, and toggles of wood or horn. Hand made using no machines. Above is Kaya Mckeithan, bass player [&#8230;]]]></description>
										<content:encoded><![CDATA[
<p>Inspired by an Amazon woman who lived in a castle on the Isle of Skye, Skye New York is a line of vests I designed and made. Each vest is made to fit from two sheepskin pelts, cowhide, and toggles of wood or horn. Hand made using no machines. Above is Kaya Mckeithan, bass player for Brooklyn band <a href="https://youtu.be/J5z8fayk5Go">The Skins</a>, rockin a black Skye vest with cowhide and horn toggles. They had jus finished a set at Le Poisson Rouge in Manhattan.</p>



<div class="wp-container-62030c1c37a7b wp-block-buttons">
<div class="wp-block-button"><a class="wp-block-button__link" href="https://www.instagram.com/skyenewyork/">Continue</a></div>
</div>
]]></content:encoded>
					
		
		
			</item>
		<item>
		<title>Coco Pico</title>
		<link>/coco-pico/</link>
		
		<dc:creator><![CDATA[winston]]></dc:creator>
		<pubDate>Sun, 06 Feb 2022 22:14:00 +0000</pubDate>
				<category><![CDATA[Uncategorized]]></category>
		<guid isPermaLink="false">/?p=62</guid>

					<description><![CDATA[After working with complex aquaponics systems, I decided to design and build an eco system that does not require pumps, filters, lights, and all the electronics and power needed to automate and drive them. The one below is fresh water. I’ve also made some with saltwater. I don’t add food, and I don’t change the [&#8230;]]]></description>
										<content:encoded><![CDATA[
<p>After working with complex aquaponics systems, I decided to design and build an eco system that does not require pumps, filters, lights, and all the electronics and power needed to automate and drive them. The one below is fresh water. I’ve also made some with saltwater. I don’t add food, and I don’t change the water, though I do top it off. These little drops of water are kind of like earth, they have everything needed to sustain life. Just add sunlight.</p>



<figure class="wp-block-embed is-type-rich is-provider-embed-handler wp-block-embed-embed-handler wp-embed-aspect-16-9 wp-has-aspect-ratio"><div class="wp-block-embed__wrapper">
<iframe loading="lazy" title="Droplet: A mini ecosystem based on the planetary model" width="560" height="315" src="https://www.youtube.com/embed/GDNHRxJDZAY?feature=oembed" frameborder="0" allow="accelerometer; autoplay; clipboard-write; encrypted-media; gyroscope; picture-in-picture" allowfullscreen></iframe>
</div></figure>
]]></content:encoded>
					
		
		
			</item>
	</channel>
</rss>
